<?xml version='1.1' encoding='UTF-8'?>
<com.cloudbees.plugins.credentials.SystemCredentialsProvider plugin="credentials@2.3.7">
  <domainCredentialsMap class="hudson.util.CopyOnWriteMap$Hash">
    <entry>
      <com.cloudbees.plugins.credentials.domains.Domain>
        <specifications/>
      </com.cloudbees.plugins.credentials.domains.Domain>
      <java.util.concurrent.CopyOnWriteArrayList>
        <com.cloudbees.plugins.credentials.impl.UsernamePasswordCredentialsImpl>
          <scope>GLOBAL</scope>
          <id>docker-hub</id>
          <description></description>
          <username>jeebendu</username>
          <password>{AQAAABAAAAAQNjNnTT7J8GZ/ECJC+zq5XYhQYjqHEFo1c0A02ZDfb08=}</password>
        </com.cloudbees.plugins.credentials.impl.UsernamePasswordCredentialsImpl>
        <com.cloudbees.plugins.credentials.impl.UsernamePasswordCredentialsImpl>
          <scope>GLOBAL</scope>
          <id>jeebendu</id>
          <description></description>
          <username>jeebendu</username>
          <password>{AQAAABAAAAAQ+puE2Wz+QOKeJggVHJGv+KyojZm1DzyjFi1oNbLsBoQ=}</password>
        </com.cloudbees.plugins.credentials.impl.UsernamePasswordCredentialsImpl>
        <com.cloudbees.plugins.credentials.impl.UsernamePasswordCredentialsImpl>
          <scope>GLOBAL</scope>
          <id>5f110445-e128-4bd2-af25-f8532e6881fa</id>
          <description></description>
          <username>subratpanda0828@gmail.com</username>
          <password>{AQAAABAAAAAQ1CFBLkh3YQ1YlQrRGO/tz5YtSsRc6qSRYhYNi7PQmNA=}</password>
        </com.cloudbees.plugins.credentials.impl.UsernamePasswordCredentialsImpl>
      </java.util.concurrent.CopyOnWriteArrayList>
    </entry>
  </domainCredentialsMap>
</com.cloudbees.plugins.credentials.SystemCredentialsProvider>