<?xml version='1.1' encoding='UTF-8'?>
<hudson.model.UserIdMapper>
  <version>1</version>
  <idToDirectoryNameMap class="concurrent-hash-map">
    <entry>
      <string>noreply</string>
      <string>noreply_2227299927553362817</string>
    </entry>
    <entry>
      <string>subrat</string>
      <string>subrat_7627032372032100235</string>
    </entry>
    <entry>
      <string>jeebendu</string>
      <string>jeebendu_7990489393652226984</string>
    </entry>
  </idToDirectoryNameMap>
</hudson.model.UserIdMapper>